driver_id,total_fare,avg_distance
15,149.59,44.25
64,23.85,37.18
30,338.06,32.94166666666667
77,197.29000000000002,36.405
93,62.25,22.215
1,117.69,30.52
20,142.03,23.257499999999997
36,140.25,4.12
63,177.26999999999998,26.893333333333334
14,224.41000000000003,38.876666666666665
66,209.51,18.153333333333332
76,344.28,27.3825
