driver_id,total_fare,avg_distance
30,73.87,33.265
5,124.35,7.42
100,243.51,33.28666666666667
27,60.42999999999999,19.320000000000004
26,9.03,39.29
60,134.08,23.975
90,145.2,26.1
25,5.84,42.02
82,184.34,33.065
67,137.71,3.96
63,171.14,22.565
65,499.16999999999996,13.272
83,51.95,31.924999999999997
14,205.74,35.445
91,41.25,4.2
72,61.39,14.41
74,156.45000000000002,37.87
50,125.97,14.11
45,140.04,10.195
