driver_id,total_fare,avg_distance
7,110.56,3.56
30,226.37,31.060000000000002
28,164.20999999999998,16.295
100,349.07,34.735
27,85.42999999999999,21.525000000000002
46,422.39,18.62666666666667
68,194.76000000000002,30.235
38,128.53,7.07
53,101.64,14.25
49,212.74,26.39
74,187.62,36.23333333333333
