driver_id,total_fare,avg_distance
11,95.38999999999999,42.34333333333333
42,420.25,26.815
5,282.22,17.433333333333334
27,153.06,25.562
55,116.58,1.95
92,26.52,9.25
81,58.03,22.265
24,117.73,22.44
49,432.91,23.322
94,154.69,17.743333333333336
