driver_id,total_fare,avg_distance
51,41.9,48.61
29,10.92,21.08
69,56.98,44.34
42,138.57,46.76
87,18.12,45.05
3,114.04,5.35
34,29.89,4.77
8,127.17,20.29
99,88.22,36.77
43,44.54,33.48
100,73.86,11.88
61,62.84,41.17
78,266.6,37.74666666666666
68,140.33,22.16
19,73.46,17.76
40,113.61,48.62
82,75.14,31.05
81,8.08,23.69
79,23.48,49.51
20,68.0,2.3
56,88.74,19.32
65,92.47,4.52
13,53.01,48.41
66,5.11,23.48
94,21.939999999999998,5.705
76,33.01,46.87
45,127.35,17.01
