driver_id,total_fare,avg_distance
11,43.239999999999995,44.614999999999995
8,394.16999999999996,37.24666666666667
16,232.72,10.583333333333334
5,252.59,22.82
60,255.87,17.503333333333334
93,13.35,31.37
48,39.25,42.31
49,322.6,22.89
