driver_id,total_fare,avg_distance
73,134.86,34.254999999999995
3,122.71000000000001,17.47
30,301.14,34.410000000000004
34,113.92,8.76
59,61.87,16.66
98,105.11,43.05
53,190.12,20.795
88,117.25,22.92
56,235.26,23.380000000000003
10,146.22,26.74
