driver_id,total_fare,avg_distance
27,7.47,24.94
77,186.28000000000003,41.276666666666664
19,110.6,20.11
40,134.02,39.15
33,78.48,13.450000000000001
32,51.28,12.5
1,55.51,18.54
20,125.29,23.62333333333333
37,93.66,8.67
4,103.47,36.51
74,25.12,41.33
