driver_id,total_fare,avg_distance
11,19.06,45.04
73,95.95,25.47
30,162.56,35.123333333333335
16,116.78999999999999,4.875
70,87.64,7.69
17,106.25,19.69
25,46.150000000000006,23.720000000000002
82,244.65,26.496666666666666
84,44.28,27.830000000000002
37,193.37,15.059999999999999
49,193.03,31.375
