driver_id,total_fare,avg_distance
51,127.4,38.4
8,271.57,34.195
61,126.26,43.14333333333334
46,276.55,26.91
84,6.94,21.46
49,65.83,39.54
63,89.07,43.11
83,31.5,40.12
14,62.58,46.41
76,247.38,31.040000000000003
2,66.37,40.24
