driver_id,total_fare,avg_distance
42,279.2,31.290000000000003
28,127.07,23.11
77,54.39,39.56
33,27.34,25.69
79,143.19,46.215
20,85.51,24.439999999999998
66,79.85,13.67
80,145.15,11.6
57,88.06,23.29
